{"cameraMode":{"drawMode":0,"name":"Shaded","section":"Shading Mode"},"sceneLighting":true,"audioPlay":false,"sceneViewState":{"m_AlwaysRefresh":false,"showFog":true,"showSkybox":true,"showFlares":true,"showImageEffects":true,"showParticleSystems":true,"showVisualEffectGraphs":true,"m_FxEnabled":true},"in2DMode":false,"pivot":{"x":-0.7699999809265137,"y":2.7200000286102297,"z":0.6600000858306885},"rotation":{"x":-0.0029940460808575155,"y":-0.06295808404684067,"z":-0.00018887454643845558,"w":0.9980118870735169},"size":1.622124195098877,"orthographic":true}