{"cameraMode":{"drawMode":0,"name":"Shaded","section":"Shading Mode"},"sceneLighting":true,"audioPlay":false,"sceneViewState":{"m_AlwaysRefresh":false,"showFog":true,"showSkybox":true,"showFlares":true,"showImageEffects":true,"showParticleSystems":true,"showVisualEffectGraphs":true,"m_FxEnabled":true},"in2DMode":false,"pivot":{"x":1.6449106931686402,"y":2.6343119144439699,"z":-1.1867265701293946},"rotation":{"x":0.31101447343826296,"y":-0.2909143567085266,"z":0.10062125325202942,"w":0.8991969227790833},"size":14.44186782836914,"orthographic":false}